definition,symbol,unit,value,value2,TexSymbols
–ï—Å—Ç–µ—Å—Ç–≤–µ–Ω–Ω–∞—è —Å–º–µ—Ä—Ç–Ω–æ—Å—Ç—å ùëá_1,d1,1/–¥–µ–Ω—å,0.02,0.02,$d_1$
–ò–Ω—Ç–µ–Ω—Å–∏–≤–Ω–æ—Å—Ç—å  –≤–∏—Ä—É—Å–Ω–æ–≥–æ –ª–∏–∑–∏—Å–∞ ùëá_1,delta,1/–¥–µ–Ω—å,0.7,0.2095,$\delta$
"–µ—Å—Ç–µ—Å—Ç–≤–µ–Ω–Ω–∞—è —Å–º–µ—Ä—Ç–Ω–æ—Å—Ç—å ùëá_2, ùëá_2^‚àó",d2,1/–¥–µ–Ω—å,0.005,0.003096,$d_2$
–ö–æ—ç—Ñ—Ñ–∏—Ü–∏–µ–Ω—Ç –ø–æ—Ç–µ–Ω—Ü–∏–∞–ª—å–Ω–æ–π —ç—Ñ—Ñ–µ–∫—Ç–∏–≤–Ω–æ—Å—Ç–∏ —Ñ–∞–∫—Ç–æ—Ä–∞ –ª–µ—á–µ–Ω–∏—è,f,"[0,1]",0.34,0.5068,$f$
–û—Ç–Ω–æ—Å–∏—Ç–µ–ª—å–Ω–∞—è —ç—Ñ—Ñ–µ–∫—Ç–∏–≤–Ω–æ—Å—Ç—å –∏–Ω–≥–∏–±–∏—Ç–æ—Ä–∞ –ø—Ä–æ—Ç–µ–∞–∑—ã (PI),epsilon2,"[0,1]",0.0,0.0,$\epsilon_2$
"—è–≤–ª—è–µ—Ç—Å—è —Å–∫–æ—Ä–æ—Å—Ç—å—é –∞–∫—Ç–∏–≤–∞—Ü–∏–∏ –∞–Ω—Ç–∏–≥–µ–Ω–æ–º, –Ω–µ —è–≤–ª—è—é—â–∏–º—Å—è –í–ò–ß",aA,1/–¥–µ–Ω—å,0.0,0.0,$a_A$
–º–∞–∫—Å–∏–º–∞–ª—å–Ω–∞—è —Å–∫–æ—Ä–æ—Å—Ç—å—é –∞–∫—Ç–∏–≤–∞—Ü–∏–∏ –∏–Ω—Ñ–∏—Ü–∏—Ä–æ–≤–∞–Ω–Ω—ã—Ö –í–ò–ß-—Å–ø–µ—Ü–∏—Ñ–∏—á–Ω—ã—Ö –ø–æ–∫–æ—è—â–∏—Ö—Å—è CD4+ –¢-–∫–ª–µ—Ç–æ–∫ ,aT,1/–¥–µ–Ω—å,0.008,0.008,$a_T$
–ö–æ—ç—Ñ—Ñ–∏—Ü–∏–µ–Ω—Ç —Ä–µ–∞–∫—Ç–∏–≤–∞—Ü–∏–∏ CD8+ –¢-–∫–ª–µ—Ç–æ–∫ –ø–∞–º—è—Ç–∏ (ùê∏_2),aE,1/–¥–µ–Ω—å,0.1,0.1,$a_E$
–ò–Ω—Ç–µ–Ω—Å–∏–≤–Ω–æ—Å—Ç—å —Ä–∞–∑–¥–µ–ª–µ–Ω–∏—è  ùê∏_1  –Ω–∞ ùê∏_2,gammaE,1/–¥–µ–Ω—å,0.01,0.0005154,$\gamma_E$
–£—Ä–æ–≤–µ–Ω—å —Å–º–µ—Ä—Ç–Ω–æ—Å—Ç–∏ ùê∏_2 ,deltaE2,1/–¥–µ–Ω—å,0.005,0.00145,$\delta_{E2}$
–æ—Ç–Ω–æ—Å–∏—Ç–µ–ª—å–Ω–∞—è —ç—Ñ—Ñ–µ–∫—Ç–∏–≤–Ω–æ—Å—Ç—å –∏–Ω–≥–∏–±–∏—Ç–æ—Ä–∞ –æ–±—Ä–∞—Ç–Ω–æ–π —Ç—Ä–∞–Ω—Å–∫—Ä–∏–ø—Ç–∞–∑—ã (RTI),epsilon1,"[0,1]",0.0,0.7,$\epsilon_1$
–°–∫–æ—Ä–æ—Å—Ç—å —É–¥–∞–ª–µ–Ω–∏—è ùëá_(1 )^‚àó  –∏–º–º—É–Ω–Ω—ã–º–∏ —ç—Ñ—Ñ–µ–∫—Ç–æ—Ä–Ω—ã–º–∏ –∫–ª–µ—Ç–∫–∞–º–∏ ùê∏_1,m,–º–∫–ª-–∫—Ä–æ–≤—å/(–∫–ª–µ—Ç–∫–∏ –¥–µ–Ω—å),0.01,0.001127,$m$
–∞–∫—Ç–∏–≤–∞—Ü–∏—è –í–ò–ß-—Å–ø–µ—Ü–∏—Ñ–∏—á–Ω—ã—Ö –ø–æ–∫–æ—è—â–∏—Ö—Å—è CD4+–¢-–∫–ª–µ—Ç–æ–∫ –∑–∞–≤–∏—Å–∏—Ç –æ—Ç –∫–æ–Ω—Ü–µ–Ω—Ç—Ä–∞—Ü–∏–∏ –≤–∏—Ä—É—Å–∞ —Å –∫–æ–Ω—Å—Ç–∞–Ω—Ç–æ–π –ø–æ–ª—É–Ω–∞—Å—ã—â–µ–Ω–∏—è,KV,–∫–æ–ø–∏–∏/–º–ª-–ø–ª–∞–∑–º–∞,100.0,14.79,$K_V$
–∏–Ω—Ç–µ–Ω—Å–∏–≤–Ω–æ—Å—Ç—å —Ä–∞–∑–¥–µ–ª–µ–Ω–∏—è ùëá_1^‚àó  –Ω–∞ ùëá_2^‚àó (ùëá_1 –Ω–∞ ùëá_2),gammaT,1/–¥–µ–Ω—å,0.005,0.0003792,$\gamma_T$
–ï—Å—Ç–µ—Å—Ç–≤–µ–Ω–Ω–∞—è —Å–º–µ—Ä—Ç–Ω–æ—Å—Ç—å ùëâ_ùêº,c,1/–¥–µ–Ω—å,13.0,5.818,$c$
–ò–Ω—Ç–µ–Ω—Å–∏–≤–Ω–æ—Å—Ç—å –Ω–µ–ª–∏–Ω–µ–π–Ω–æ–π –∏–Ω—Ñ–∏—Ü–∏—Ä–æ–≤–∞–Ω–Ω–æ–π –∫–ª–µ—Ç–æ—á–Ω–æ-–∑–∞–≤–∏—Å–∏–º–æ–π —Å–º–µ—Ä—Ç–Ω–æ—Å—Ç–∏ ùê∏_1,dE,1/–¥–µ–Ω—å,0.25,0.06278,$d_E$
–£—Ä–æ–≤–µ–Ω—å —Å–º–µ—Ä—Ç–Ω–æ—Å—Ç–∏  ùê∏_1,deltaE1,1/–¥–µ–Ω—å,0.1,0.05967,$\delta_{E1}$
–º—É–ª—å—Ç–∏–ø–ª–∏–∫–∞—Ç–∏–≤–Ω—ã–π –∫–æ—ç—Ñ—Ñ–∏—Ü–∏–µ–Ω—Ç –¥–ª—è —É—á–µ—Ç–∞ —á–∏—Å—Ç–æ–≥–æ —Ä–∞—Å–ø—Ä–æ—Å—Ç—Ä–∞–Ω–µ–Ω–∏—è –∏–∑-–∑–∞ –∫–ª–æ–Ω–∞–ª—å–Ω–æ–≥–æ —Ä–∞—Å—à–∏—Ä–µ–Ω–∏—è –∏ –∑–∞–ø—Ä–æ–≥—Ä–∞–º–º–∏—Ä–æ–≤–∞–Ω–Ω–æ–≥–æ —Å–∂–∞—Ç–∏—è ,pT,–±–µ–∑—Ä–∞–∑–º–µ—Ä,1.2,1.2,$p_T$
–ø–∞—Ä–∞–º–µ—Ç—Ä –¥–ª—è —É—á–µ—Ç–∞ —á–∏—Å—Ç–æ–π –ø—Ä–æ–ª–∏—Ñ–µ—Ä–∞—Ü–∏–∏ –∑–∞ —Å—á–µ—Ç –∫–ª–æ–Ω–∞–ª—å–Ω–æ–≥–æ —Ä–∞—Å—à–∏—Ä–µ–Ω–∏—è –∏ –∑–∞–ø—Ä–æ–≥—Ä–∞–º–º–∏—Ä–æ–≤–∞–Ω–Ω–æ–≥–æ —Å–æ–∫—Ä–∞—â–µ–Ω–∏—è –∞–∫—Ç–∏–≤–∏—Ä–æ–≤–∞–Ω–Ω—ã—Ö CD8+ –¢-–∫–ª–µ—Ç–æ–∫ –≤ —É—Ä–∞–≤–Ω–µ–Ω–∏–µ –¥–ª—è E1.,pE,–±–µ–∑—Ä–∞–∑–º–µ—Ä,3.0,3.0,$p_E$
–ø—Ä–µ–¥—Å—Ç–∞–≤–ª—è–µ—Ç —Å–æ–±–æ–π –º–∞–∫—Å–∏–º–∞–ª—å–Ω—É—é —Å–∫–æ—Ä–æ—Å—Ç—å –≥–æ–º–µ–æ—Å—Ç–∞—Ç–∏—á–µ—Å–∫–æ–π —Ä–µ–≥—É–ª—è—Ü–∏–∏,bE2,1/–¥–µ–Ω—å,0.001,0.001,$b_{E2}$
—Å–∫–æ—Ä–æ—Å—Ç—å—é –∑–∞—Ä–∞–∂–µ–Ω–∏—è ùëá_1 (ùëá_2) –ø—Ä–∏ –≤—Å—Ç—Ä–µ—á–∏ —Å ùëâ_ùêº,k1,–º–ª-–ø–ª–∞–∑–º–∞/(–∫–æ–ø–∏–∏ –¥–µ–Ω—å),1.0e-5,1.0000000000000003e-5,$k_1$
—Å–∫–æ—Ä–æ—Å—Ç—å—é –∑–∞—Ä–∞–∂–µ–Ω–∏—è ùëá_1 (ùëá_2) –ø—Ä–∏ –≤—Å—Ç—Ä–µ—á–∏ —Å ùëâ_ùêº,k2,–º–ª-–ø–ª–∞–∑–º–∞/(–∫–æ–ø–∏–∏ –¥–µ–Ω—å),1.0e-9,2.005e-9,$k_2$
–¥–ª—è —É—á–µ—Ç–∞ –∏—Å—Ö–æ–¥–Ω–æ–π —Å–∫–æ—Ä–æ—Å—Ç–∏ ¬´–Ω–∞–∏–≤–Ω—ã—Ö¬ª CD4+ –¢-–∫–ª–µ—Ç–æ–∫,lambdaT,–∫–ª–µ—Ç–∫–∞/(–º–∫–ª-–∫—Ä–æ–≤—å –¥–µ–Ω—å),7.0,7.0,$\lambda_T$
¬´–Ω–∞–∏–≤–Ω—ã–µ¬ª CD4+ T-–∫–ª–µ—Ç–∫–∏,KS,–∫–æ–ø–∏–∏/–º–ª-–ø–ª–∞–∑–º–∞,100000.0,27890.0,$K_S$
"—É—á–∏—Ç—ã–≤–∞–µ—Ç –∫–æ–ª–∏—á–µ—Å—Ç–≤–æ –∫–æ–ø–∏–π –†–ù–ö, –ø–æ–ª—É—á–µ–Ω–Ω—ã—Ö –≤ —Ö–æ–¥–µ –≤–∏—Ä—É—Å–Ω–æ–≥–æ –ø–æ—á–∫–æ–≤–∞–Ω–∏—è",NT,(–ö–æ–ø–∏–∏ –º–∫–ª-–∫—Ä–æ–≤—å)/(–∫–ª–µ—Ç–∫–∏ –º–ª-–ø–ª–∞–∑–º–∞),100.0,100.0,$N_T$
–†–æ–∂–¥–µ–Ω–∏–µ ùê∏_1,lambdaE,–∫–ª–µ—Ç–∫–∞/(–º–∫–ª-–∫—Ä–æ–≤—å –¥–µ–Ω—å),0.001,0.000993,$\lambda_E$
"–º–∞–∫—Å–∏–º–∞–ª—å–Ω–∞—è —Å–∫–æ—Ä–æ—Å—Ç—å, —Å –∫–æ—Ç–æ—Ä–æ–π ùê∏_1 —Ä–∞–∑–¥–µ–ª—è–µ—Ç—Å—è –Ω–∞ ùê∏_2",Kg,–∫–ª–µ—Ç–∫–∏/–º–∫–ª-–∫—Ä–æ–≤—å,10.0,1.357,$K_{\gamma}$
–ö–æ—ç—Ñ—Ñ–∏—Ü–∏–µ–Ω—Ç –Ω–µ–ª–∏–Ω–µ–π–Ω–æ–≥–æ –∏–Ω—Ñ–∏—Ü–∏—Ä–æ–≤–∞–Ω–Ω–æ–≥–æ –∫–ª–µ—Ç–æ—á–Ω–æ-–∑–∞–≤–∏—Å–∏–º–æ–≥–æ —Ä–æ–∂–¥–µ–Ω–∏—è ùê∏_1 (ùê∏_2),Kb1,–∫–ª–µ—Ç–∫–∏/–º–∫–ª-–∫—Ä–æ–≤—å,0.1,0.02488,$K_{b1}$
–ö–æ—ç—Ñ—Ñ–∏—Ü–∏–µ–Ω—Ç –Ω–µ–ª–∏–Ω–µ–π–Ω–æ–≥–æ –∏–Ω—Ñ–∏—Ü–∏—Ä–æ–≤–∞–Ω–Ω–æ–≥–æ –∫–ª–µ—Ç–æ—á–Ω–æ-–∑–∞–≤–∏—Å–∏–º–æ–≥–æ —Ä–æ–∂–¥–µ–Ω–∏—è ùê∏_1 (ùê∏_2),Kb2,–∫–ª–µ—Ç–∫–∏/–º–∫–ª-–∫—Ä–æ–≤—å,100.0,86.97,$K_{b2}$
–ö–æ—ç—Ñ—Ñ–∏—Ü–∏–µ–Ω—Ç –Ω–µ–ª–∏–Ω–µ–π–Ω–æ–π –∏–Ω—Ñ–∏—Ü–∏—Ä–æ–≤–∞–Ω–Ω–æ–π –∫–ª–µ—Ç–æ—á–Ω–æ-–∑–∞–≤–∏—Å–∏–º–æ–π —Å–º–µ—Ä—Ç–Ω–æ—Å—Ç–∏ ùê∏_1,Kd,–∫–ª–µ—Ç–∫–∏/–º–∫–ª-–∫—Ä–æ–≤—å,0.5,0.12,$K_d$
–Ω–µ–ª–∏–Ω–µ–π–Ω–æ–µ –∏–Ω—Ñ–∏—Ü–∏—Ä–æ–≤–∞–Ω–Ω–æ–µ –∫–ª–µ—Ç–æ—á–Ω–æ-–∑–∞–≤–∏—Å–∏–º–æ–µ —Ä–æ–∂–¥–µ–Ω–∏–µ ùê∏_1,bE1,1/–¥–µ–Ω—å,0.3,0.03885,$b_{E1}$
